Ssn,Name,Phone,Email,Password,Location,age,IsAuth,Sigungu,sido,x,y
569420-129568,탁여린,010-5688-5201,962314@naver.com,667211,용인시,65,0,312000,310000,127.27113,37.34619
665452-114775,백수솔,010-9345-3100,463942@naver.com,696578,송탄시,55,1,310500,310000,126.04523,35.30812
573542-281480,남수한,010-7429-4397,22759@naver.com,585298,인천강화군,64,1,220100,220000,127.56095,36.53468
763681-198246,차연임,010-2503-9308,666748@naver.com,718719,서천군,45,1,340009,340000,127.33841,36.89693
568812-102093,지근언,010-4136-2432,815386@naver.com,147529,산청군,65,0,380008,380000,126.71568,35.11805
550059-169077,홍고옥,010-4848-5452,821268@naver.com,946022,청원군,66,1,330010,330000,126.35916,35.33202
952033-171432,진수신,010-7757-8419,177563@naver.com,300056,대구북구,26,0,230003,230000,126.07629,35.73172
825889-163436,안영선,010-6626-7905,257211@naver.com,991941,대전유성구,39,1,250001,250000,128.60624,37.19071
986383-170596,탁양지,010-2422-5625,274747@naver.com,404602,성남수정구,23,0,310401,310000,127.22448,35.27748
873076-181274,변조영,010-6130-4031,70779@naver.com,205574,함양군,34,0,380018,380000,126.24502,35.98396
902346-174890,남이영,010-3180-0400,11932@naver.com,630864,창원성산구,31,1,380705,380000,126.22966,35.51816
430824-161061,노아세,010-2171-8112,959707@naver.com,952680,부산사하구,78,1,210010,210000,127.85999,35.04621
540040-200606,나규윤,010-9599-2866,943875@naver.com,629659,달성군,67,1,370005,370000,126.82513,37.03762
439160-245712,유휘은,010-3071-2250,257466@naver.com,998828,종로구,78,1,110016,110000,128.92996,35.87498
638860-206223,변초온,010-2385-1330,169403@naver.com,386548,강북구,58,1,110024,110000,126.17707,35.15781
664342-154496,서세경,010-3348-2559,184984@naver.com,162050,부천소사구,55,1,310301,310000,126.12305,37.06939
690532-128577,변다재,010-8519-9576,988291@naver.com,768792,창원시,52,1,380700,380000,126.4603,35.56656
498265-299846,정준현,010-2505-6858,679895@naver.com,560248,청송군,72,0,370023,370000,127.37282,36.53512
422281-114116,염태향,010-3107-2943,81306@naver.com,916558,노원구,79,0,110022,110000,127.61987,36.68153
914863-152322,편송하,010-2209-9034,979242@naver.com,35375,김해군,30,1,380004,380000,127.86469,36.62954
794156-156052,허원성,010-5576-4052,480957@naver.com,769602,인제군,42,0,320008,320000,127.02558,36.56704
486400-101494,원고소,010-2807-3422,420143@naver.com,863112,성남중원구,73,0,310402,310000,127.22151,37.44915
840340-258973,추주하,010-1853-4818,321695@naver.com,237399,파주시,37,1,312200,310000,128.54072,35.54215
406454-149288,전아이,010-7892-8329,843521@naver.com,545089,청주청원구,81,0,330103,330000,126.64223,37.36747
530280-162972,탁미령,010-6347-4882,688792@naver.com,740458,인천부평구,68,0,220003,220000,127.14872,37.34842
557356-163293,양준승,010-6713-4228,466169@naver.com,903314,수원권선구,66,0,310601,310000,127.67846,35.79759
916592-156392,양률기,010-5181-5437,905136@naver.com,411623,진해시,30,0,380600,380000,128.56532,37.63697
836878-291512,공준혜,010-8832-2573,340292@naver.com,460,천안시,38,1,340200,340000,127.22209,35.99684
497647-291447,류순선,010-6324-3511,361235@naver.com,713045,화성시,72,0,312500,310000,126.54869,37.58349
769557-203724,곽혜선,010-7080-7300,290542@naver.com,689676,천안서북구,45,0,340201,340000,128.69062,37.1851
683312-283119,하동운,010-7842-7783,990116@naver.com,851449,천안서북구,53,0,340201,340000,127.22627,35.32264
938832-242399,임준율,010-7454-5737,884921@naver.com,319889,대구북구,28,0,230003,230000,128.70254,35.90946
830032-279325,윤해재,010-6966-1558,185631@naver.com,26951,도봉구,38,1,110006,110000,128.97999,35.91937
679965-138693,백주린,010-4190-3810,925805@naver.com,887674,청도군,54,1,370022,370000,126.11434,35.17978
701000-190450,홍시미,010-7125-8918,26917@naver.com,120926,화천군,51,0,320014,320000,127.97273,36.52114
571346-114566,손성령,010-8682-6315,470509@naver.com,328051,문경시,64,0,370800,370000,126.067,35.6466
804558-230179,류보운,010-2817-1306,67076@naver.com,327053,장흥군,41,0,360018,360000,126.80347,36.95044
506098-275880,백서향,010-5526-8903,363596@naver.com,651628,무주군,71,1,350004,350000,126.34535,37.44678
584685-109393,편동미,010-1988-7982,199755@naver.com,4539,보성군,63,0,360010,360000,126.82393,35.38842
596871-209702,홍비효,010-3955-9958,42807@naver.com,865611,대구수성구,62,1,230005,230000,128.11032,37.71517
951799-186015,강다빈,010-3878-0163,546337@naver.com,788503,고양일산동구,26,0,311903,310000,126.67123,36.09396
896715-189556,은진향,010-7076-2593,817064@naver.com,884653,고성군,32,0,320001,320000,127.60795,35.92229
978343-194545,최의연,010-9269-3935,888760@naver.com,616670,인천계양구,24,0,220008,220000,127.93241,36.9317
803281-254459,정해교,010-9767-8964,52557@naver.com,780673,중랑구,41,0,110019,110000,127.07834,36.28712
660244-273876,하률교,010-9333-2518,270654@naver.com,34606,수원장안구,55,0,310602,310000,126.63609,37.55588
892227-121852,나률림,010-1328-8676,347943@naver.com,971543,양구군,32,0,320004,320000,128.7609,35.82941
443895-176828,배시세,010-4256-6189,947406@naver.com,259592,대구수성구,77,1,230005,230000,126.073,37.78509
755758-123343,최하주,010-9792-5598,241500@naver.com,504300,부천오정구,46,0,310302,310000,127.94994,36.28369
717605-132656,표채하,010-6385-7078,438440@naver.com,390167,부산연제구,50,1,210013,210000,128.68367,37.7343
558441-191966,노슬예,010-3145-1850,892222@naver.com,274522,진안군,66,0,350013,350000,128.87801,37.52473
873188-137307,장비희,010-7885-2058,781570@naver.com,15452,여수시,34,1,360500,360000,128.19722,36.7531
599588-274952,구해련,010-1177-8715,813275@naver.com,545667,신안군,62,1,360012,360000,128.58695,37.28562
551161-103828,윤선원,010-6003-4269,633703@naver.com,214479,청주시,66,0,330100,330000,127.96994,35.54604
586712-263504,남상기,010-4369-6116,381419@naver.com,972742,울산북구,63,0,260004,260000,126.391,35.02083
961274-227205,백진옥,010-8472-5336,337705@naver.com,494703,태안군,25,1,340016,340000,128.5839,37.05966
801623-111709,양주휘,010-9762-2522,290930@naver.com,334097,서초구,41,0,110021,110000,128.27451,36.23064
538990-260281,문비소,010-6761-3995,313400@naver.com,702393,수원팔달구,68,0,310603,310000,128.28907,36.60149
531654-260474,노여연,010-7544-5861,784435@naver.com,391161,파주시,68,1,312200,310000,127.28965,37.05512
871010-201259,하시희,010-3326-4565,71548@naver.com,834713,경주시,34,0,370100,370000,128.07835,35.51898
871742-283732,염나린,010-4829-8313,95598@naver.com,842764,의성군,34,0,370021,370000,128.69038,37.42957
542252-168890,안여련,010-7733-5537,711813@naver.com,21843,양구군,67,0,320004,320000,126.74117,37.83739
642694-152516,노도송,010-5174-3046,202226@naver.com,951431,경주시,57,0,370100,370000,127.38221,36.6922
567725-271540,황영인,010-4486-9748,618242@naver.com,201626,홍천군,65,0,320013,320000,127.14382,35.37625
873874-241101,도률성,010-9739-7835,313737@naver.com,191394,김해군,34,0,380004,380000,127.44544,36.0893
752254-178399,김재령,010-9083-7540,601269@naver.com,557061,청주상당구,46,1,330101,330000,128.85881,37.7822
882403-195636,박수우,010-4035-1021,154556@naver.com,690180,고양일산동구,33,1,311903,310000,126.14959,35.2636
706820-125467,표가영,010-3677-9728,984171@naver.com,334806,부산영도구,51,1,210007,210000,128.25762,35.8442
525107-108134,오선지,010-1232-9047,742994@naver.com,151135,철원군,69,1,320010,320000,128.15365,37.02876
452189-213424,서태하,010-6514-3544,743903@naver.com,568913,영등포구,76,1,110013,110000,126.00217,37.91279
537533-234280,배보지,010-4872-7831,632947@naver.com,654029,대구남구,68,1,230001,230000,126.17034,37.62659
958108-174591,서한혜,010-8411-9578,741632@naver.com,547722,홍성군,26,0,340015,340000,128.79652,37.91656
403472-182381,허연승,010-7509-5635,414100@naver.com,970102,울진군,81,1,370019,370000,127.00446,35.19013
778166-234814,윤선미,010-2722-6363,452551@naver.com,816379,부천시,44,0,310300,310000,128.89434,37.64111
625778-127215,정명율,010-3369-7990,463495@naver.com,365811,안산상록구,59,1,311102,310000,128.42412,36.8834
872454-140356,류조휘,010-9933-3218,981191@naver.com,675744,인천남구,34,0,220001,220000,128.59329,37.53332
604239-104150,추지경,010-9282-6482,614516@naver.com,72302,김해시,61,1,380100,380000,127.09429,37.61659
505776-214380,변휘주,010-7386-2933,853534@naver.com,442837,대구달서구,71,1,230007,230000,126.81865,36.47759
490693-197704,추경예,010-9961-0007,244246@naver.com,672824,성남분당구,72,0,310403,310000,127.19233,35.27452
863943-154907,최김한,010-4801-1483,206538@naver.com,481101,청송군,35,0,370023,370000,126.50722,35.93259
995394-226205,은윤기,010-6047-3299,877063@naver.com,533294,영덕군,22,0,370012,370000,127.69236,37.28645
975275-286607,문효하,010-8941-7986,248915@naver.com,337235,익산시,24,1,350300,350000,127.53299,37.87612
685377-285622,추채서,010-6339-6935,298218@naver.com,605845,사천군,53,0,380007,380000,126.10644,35.2251
650959-191791,황해언,010-4036-6768,309659@naver.com,735702,창원성산구,56,0,380705,380000,128.48624,37.8729
884233-136099,권고원,010-9216-0701,156697@naver.com,192712,김포시,33,1,312300,310000,126.18655,36.55778
666272-210372,정민준,010-3884-9206,765150@naver.com,296911,울릉군,55,0,370018,370000,127.26391,37.93546
970353-123591,류률재,010-6267-8009,870406@naver.com,831725,삼척시,24,1,320700,320000,126.28022,35.69744
773828-289652,이다향,010-7043-2336,707326@naver.com,476497,영등포구,44,0,110013,110000,126.95154,35.23036
691664-164890,염혜완,010-4188-2355,968564@naver.com,909678,양산시,52,0,381100,380000,128.4492,37.52867
412089-245817,편연원,010-3901-1413,371173@naver.com,349604,제천군,80,1,330007,330000,128.75675,37.07179
652912-286953,노원우,010-1972-7861,659175@naver.com,810781,안산시,56,0,311100,310000,127.81609,37.36824
770200-111570,추보예,010-5521-6385,216106@naver.com,472647,창원의창구,44,0,380704,380000,127.737,37.91631
548343-203826,표재한,010-7048-3469,786584@naver.com,412837,천안시,67,1,340200,340000,128.6983,35.68563
827840-181965,진의원,010-7577-1168,560440@naver.com,397253,영천시,39,0,370600,370000,126.1883,35.68453
834695-260624,정송미,010-2320-8421,172130@naver.com,866856,남원시,38,1,350200,350000,126.45863,37.4245
691629-160016,고슬욱,010-4052-3041,277791@naver.com,685709,철원군,52,1,320010,320000,127.56364,37.17301
840504-268052,노영송,010-4611-7947,20210@naver.com,525797,익산군,37,0,350009,350000,127.01272,37.72547
527913-127498,문현진,010-2717-4212,402506@naver.com,589012,성남분당구,69,1,310403,310000,128.37565,36.03573
764066-170580,편주진,010-9196-9940,749194@naver.com,793109,창원시,45,1,380700,380000,128.63694,37.27327
630218-203507,정비경,010-1605-4556,908970@naver.com,672906,문경시,58,1,370800,370000,126.19842,37.79399
956280-173757,오재혜,010-4095-7358,22768@naver.com,411957,울산중구,26,1,260003,260000,126.5782,36.9361
719511-125045,곽민령,010-7583-0572,4369@naver.com,102024,보은군,50,0,330003,330000,126.31177,36.16058
647745-286709,권서희,010-3093-1091,578435@naver.com,834754,청주시,57,0,330100,330000,128.91141,36.21793
582740-122024,전미소,010-5224-9859,909776@naver.com,164859,김제시,63,1,350600,350000,126.93854,36.25662
696822-245835,공하휘,010-3831-1755,814151@naver.com,183118,가평군,52,0,310001,310000,128.14944,36.38135
860429-158701,배채휘,010-8535-8884,28371@naver.com,387608,순천시,35,1,360400,360000,127.19466,35.26487
941906-259447,구순현,010-8275-5227,110155@naver.com,669277,경주시,27,0,370100,370000,128.98187,35.70807
687191-187654,은준화,010-8183-0612,104745@naver.com,858967,양구군,53,0,320004,320000,127.14098,37.5644
412885-119022,노가늘,010-3317-6854,728736@naver.com,715465,시흥시,80,1,311700,310000,126.55644,35.28337
596050-199286,지기언,010-1289-8592,975143@naver.com,369811,울산남구,62,0,260001,260000,126.73608,36.57315
830663-176866,양교혜,010-3693-8544,678941@naver.com,320012,남양주시,38,0,311500,310000,127.15767,37.83244
918194-217903,김주신,010-3463-2473,584910@naver.com,756451,포천시,30,0,312800,310000,126.34255,35.98944
932432-272379,원주나,010-1864-7718,6783@naver.com,244237,목포시,28,0,360300,360000,126.679,35.08357
491726-112881,공비림,010-9019-2315,347420@naver.com,20655,태백시,72,0,320600,320000,128.83603,35.9453
850902-222566,송수혜,010-7627-3050,765032@naver.com,945314,마포구,36,1,110009,110000,128.98764,37.15454
605568-257741,지승경,010-8795-8050,532657@naver.com,620608,보령시,61,0,340400,340000,127.12001,37.15794
448116-280098,민은희,010-7187-6069,526622@naver.com,25566,부안군,77,1,350005,350000,127.85865,37.37856
424557-257701,전비혜,010-4786-8627,644312@naver.com,794934,울릉군,79,0,370018,370000,126.35047,35.77117
835754-297239,홍원윤,010-1416-3695,969113@naver.com,910214,창녕군,38,0,380014,380000,128.82389,36.46678
734740-209198,박다완,010-4849-9074,316300@naver.com,849353,성동구,48,1,110011,110000,127.60817,36.47653
788209-175609,여효안,010-4456-9908,381105@naver.com,457060,영주시,43,0,370500,370000,128.96202,35.98
761459-108736,최희령,010-6540-2613,609490@naver.com,933803,대구달서구,45,1,230007,230000,126.22309,37.34334
796268-289297,변규송,010-7065-4477,793828@naver.com,51708,수원영통구,42,1,310604,310000,128.34873,36.54593
933387-175894,은소송,010-7347-9436,606141@naver.com,323051,순천시,28,0,360400,360000,128.95579,37.29092
882673-246925,변채진,010-3602-2719,300142@naver.com,876185,창원마산회원구,33,1,380701,380000,127.51072,35.79715
897422-135909,조솔성,010-5242-9256,359303@naver.com,596723,평창군,32,0,320012,320000,127.87989,35.06904
894142-211048,추선선,010-2427-5051,16605@naver.com,691117,강릉시,32,1,320100,320000,128.53777,36.90515
820807-113029,정현당,010-5540-1109,694430@naver.com,824777,구미시,39,0,370200,370000,126.36238,36.98527
568162-161100,원한빈,010-5470-3534,551230@naver.com,928265,광주남구,65,0,240005,240000,127.7565,37.34458
578349-218651,염태유,010-8204-6862,119029@naver.com,451848,진안군,64,0,350013,350000,126.51476,36.38844
621720-275719,배주혜,010-9371-2402,924178@naver.com,429904,구례군,59,1,360006,360000,128.9259,37.46988
418741-219029,은솔민,010-2544-6209,73391@naver.com,813891,공주시,80,1,340300,340000,126.55896,37.47408
881627-213845,양채화,010-7003-6700,730698@naver.com,728260,대전동구,33,1,250004,250000,128.99538,36.71327
597062-133132,허시재,010-9261-8630,164319@naver.com,714774,용인처인구,62,0,312003,310000,128.31838,37.78234
616018-202647,윤선래,010-5739-3821,400701@naver.com,31637,안양동안구,60,1,310702,310000,128.81014,36.50116
519546-164786,손수솔,010-3424-7928,234049@naver.com,745432,동대문구,70,0,110007,110000,128.04492,35.74469
562393-223588,석채수,010-6137-8034,909992@naver.com,923670,김해군,65,0,380004,380000,128.66663,35.41758
599353-184717,공소준,010-4908-3626,260000@naver.com,742784,양평군,62,1,310009,310000,127.39214,36.5452
417693-172263,엄가윤,010-5158-3075,542614@naver.com,418234,삼척시,80,0,320700,320000,126.48807,37.98661
850707-204784,곽희리,010-7730-9921,911521@naver.com,170135,철원군,36,0,320010,320000,127.94978,36.65052
868498-168131,한효교,010-4364-8413,894190@naver.com,357004,장수군,35,0,350011,350000,127.82633,35.10523
460531-182574,노재채,010-2747-9638,36456@naver.com,568684,창원진해구,75,1,380703,380000,128.50888,36.9829
617921-120651,방나율,010-4665-7901,355069@naver.com,649213,당진군,60,0,340004,340000,128.38451,36.01951
900782-232478,곽영인,010-4591-2786,120604@naver.com,247434,마산시,31,1,380200,380000,127.23559,35.00515
451627-286167,하혜윤,010-4034-2509,788076@naver.com,330375,고성군,76,1,380003,380000,128.92325,35.59719
569041-160945,배수비,010-4417-2501,905484@naver.com,438522,보령시,65,1,340400,340000,127.46352,37.75629
850624-146106,변양성,010-3026-5058,889926@naver.com,622157,연천군,36,1,310011,310000,128.29301,36.18753
902052-297723,강혜완,010-3427-1688,738525@naver.com,76428,영양군,31,1,370013,370000,126.86754,35.21155
714525-166824,서서당,010-2146-2090,10024@naver.com,481390,중랑구,50,0,110019,110000,126.24833,36.95124
836276-267415,한태령,010-7671-0699,199792@naver.com,433360,인천중구,38,0,220004,220000,128.05782,35.99437
831710-191154,원송경,010-8376-8476,577058@naver.com,43315,동두천시,38,1,310200,310000,126.01641,37.39303
518038-173880,도준휘,010-7130-0767,376562@naver.com,106587,울산남구,70,1,260001,260000,126.27218,36.51445
805668-278509,권다준,010-6364-7492,926735@naver.com,510701,청송군,41,1,370023,370000,126.03023,36.72723
834302-264514,노여운,010-1667-3941,301883@naver.com,280702,고양일산동구,38,1,311903,310000,127.19946,37.71294
854089-181298,유소늘,010-7020-2796,198820@naver.com,868524,고양덕양구,36,0,311901,310000,128.45061,37.99977
768823-286350,추하채,010-8905-0652,927479@naver.com,841163,울산중구,45,0,260003,260000,128.11771,37.3536
643395-286851,백김준,010-9451-9139,976019@naver.com,689252,고창군,57,0,350001,350000,128.75987,37.26512
833854-112749,임고서,010-4092-5500,671129@naver.com,965390,단양군,38,0,330002,330000,128.93499,36.88706
949777-232152,구병신,010-2665-1879,225413@naver.com,591643,강진군,27,0,360001,360000,128.03275,36.55516
463831-179638,문규정,010-4260-6053,260329@naver.com,873327,인제군,75,1,320008,320000,128.69568,36.395
967211-202209,박소준,010-7525-4898,690704@naver.com,453711,고양덕양구,25,0,311901,310000,128.89426,35.05051
992325-221648,구보미,010-2014-4012,47192@naver.com,311436,진도군,22,1,360019,360000,126.99891,35.43005
874857-275108,엄해예,010-1459-9719,494511@naver.com,115428,부산수영구,34,0,210014,210000,127.93943,36.329
575043-264183,하세채,010-7628-8410,804823@naver.com,790003,산청군,64,0,380008,380000,126.3595,37.56852
554122-204721,강윤미,010-3506-0079,961057@naver.com,700457,증평군,66,0,330011,330000,126.07746,37.84389
483053-144025,권진한,010-1680-3105,955125@naver.com,580751,고양덕양구,73,1,311901,310000,128.87259,35.81248
464800-206250,서이완,010-6784-2994,291134@naver.com,816789,칠곡군,75,0,370024,370000,128.85826,37.38936
530799-248984,곽다향,010-1164-3750,789662@naver.com,800642,마산시,68,1,380200,380000,128.51277,35.8223
622928-284091,황은소,010-4012-5833,528492@naver.com,131004,인천동구,59,1,220002,220000,126.47134,36.52317
976194-197371,우주영,010-9650-9207,298405@naver.com,794674,성주군,24,1,370010,370000,127.56279,35.14794
527908-251172,여김미,010-6791-9044,517522@naver.com,327,대구동구,69,1,230002,230000,128.92982,35.46671
819546-219051,공은희,010-8911-9574,658863@naver.com,626609,광주남구,40,1,240005,240000,128.87559,36.1504
644167-180650,배효화,010-6029-6119,241961@naver.com,811249,전주시,57,0,350400,350000,126.32968,36.45235
745256-286655,고조희,010-2870-7729,294666@naver.com,583327,진주시,47,0,380500,380000,127.13862,35.88057
439827-216214,변한교,010-1418-9996,699963@naver.com,919299,통영시,78,1,380800,380000,126.63023,37.98216
465424-283991,표명성,010-7920-3558,443906@naver.com,93075,완주군,75,1,350008,350000,128.21221,36.17789
442865-135568,남경하,010-6625-6986,367160@naver.com,188272,서초구,77,0,110021,110000,127.43144,37.09609
635780-290716,공조호,010-2737-4493,795134@naver.com,994351,고령군,58,0,370002,370000,128.80115,36.93756
433382-226943,여상지,010-9231-1013,500348@naver.com,232369,천안시,78,1,340200,340000,126.14428,35.48107
523097-127175,나소온,010-4218-5259,572705@naver.com,794402,청주시,69,0,330100,330000,128.78624,37.83847
827383-130626,한시희,010-3652-3466,451969@naver.com,329368,청송군,39,0,370023,370000,128.21969,36.28439
742017-106333,하민인,010-5861-4867,303895@naver.com,305894,광주남구,47,0,240005,240000,127.43371,36.12419
685786-154605,표태인,010-6069-4913,182926@naver.com,753573,인천강화군,53,1,220100,220000,126.02502,35.81255
840729-123691,방태경,010-3228-6299,478510@naver.com,403828,과천시,37,0,310900,310000,126.78434,35.45902
958143-251767,오이욱,010-5231-4327,287744@naver.com,611064,홍천군,26,1,320013,320000,126.66464,37.9803
730826-218814,조혜기,010-7017-7194,310099@naver.com,769984,양양군,48,0,320005,320000,126.96084,35.80387
513088-248590,양소기,010-1572-0413,993307@naver.com,138594,음성군,70,0,330006,330000,127.57244,37.35846
913611-233526,편가민,010-7029-4315,454500@naver.com,619597,순천시,30,1,360400,360000,127.17491,36.25779
818696-257549,추동한,010-1823-8465,222445@naver.com,559009,전주완산구,40,0,350401,350000,128.48288,35.11021
637450-241445,문보진,010-4237-2530,664263@naver.com,871899,문경시,58,1,370800,370000,126.00997,37.38104
785210-243629,우한기,010-1388-5773,430111@naver.com,320072,속초시,43,1,320300,320000,128.85179,35.90772
454732-147971,민채이,010-1206-2049,622609@naver.com,348608,화천군,76,1,320014,320000,126.94652,36.84593
501953-175248,엄소완,010-8415-8962,220435@naver.com,977346,부산동래구,71,1,210003,210000,127.65397,35.54549
787455-132161,장민송,010-4993-9355,788378@naver.com,418782,무주군,43,0,350004,350000,127.04742,35.24334
536907-223009,구윤기,010-6426-6631,452728@naver.com,979841,영광군,68,0,360014,360000,128.4575,37.16369
999665-145206,차윤기,010-3430-0421,651206@naver.com,599218,광주시,22,1,312600,310000,127.28385,36.81703
883831-281471,유은휘,010-2820-8482,982813@naver.com,386388,보은군,33,1,330003,330000,126.36886,36.48193
619419-120246,오교현,010-6372-8961,983464@naver.com,650051,서대문구,60,1,110010,110000,128.49364,35.26203
735539-275621,신주린,010-9534-2875,251199@naver.com,448546,남해군,48,0,380005,380000,128.56292,35.87359
880491-119701,한고인,010-8174-8707,74826@naver.com,419889,천안군,33,1,340013,340000,127.09031,37.6502
946859-186797,손보수,010-8665-6625,559365@naver.com,411107,의령군,27,1,380011,380000,126.33972,36.62889
550649-255463,황조채,010-2592-0381,486681@naver.com,415724,부천오정구,66,1,310302,310000,126.54633,35.91531
731355-285534,한양안,010-5870-0880,645573@naver.com,594867,의성군,48,0,370021,370000,127.77116,36.16936
772251-108450,우김름,010-8925-7406,617356@naver.com,186019,달성군,44,0,370005,370000,128.48822,37.67251
763341-258085,표은연,010-7709-3160,456508@naver.com,86017,동작구,45,1,110008,110000,127.28443,36.98673
910434-286398,박수준,010-3125-9617,59496@naver.com,63713,마산시,30,0,380200,380000,128.55075,36.59025
835088-294941,곽효혜,010-4889-5402,849831@naver.com,742806,양평군,38,0,310009,310000,128.04175,37.28239
667464-272169,유고재,010-6242-8908,335000@naver.com,286879,거창군,55,0,380002,380000,127.90325,35.17746
851727-179076,한솔온,010-5673-0169,82606@naver.com,975988,거창군,36,0,380002,380000,126.97266,36.81983
661808-151786,곽원희,010-3564-1790,90668@naver.com,709433,함양군,55,1,380018,380000,128.61448,37.76289
641809-177247,배아민,010-1854-7572,507838@naver.com,692592,담양군,57,1,360008,360000,127.62313,36.84551
569043-256613,방기교,010-9026-1262,372207@naver.com,411139,인천강화군,65,0,220100,220000,127.94158,35.92903
433375-298788,민휘늘,010-7335-9693,612048@naver.com,839348,광주동구,78,0,240001,240000,126.66142,36.9131
435631-197138,안기영,010-6516-4578,975755@naver.com,994208,횡성군,78,0,320015,320000,128.45019,35.21553
973873-103965,권영수,010-4041-0826,396808@naver.com,336706,인천남동구,24,0,220006,220000,127.65881,37.54054
760193-135017,엄고련,010-4415-3706,378025@naver.com,261800,포항북구,45,1,370702,370000,126.30774,35.38864
405228-288698,배동운,010-5525-1866,151127@naver.com,829619,마포구,81,1,110009,110000,128.88466,36.47607
955074-103192,표동리,010-4720-5807,502361@naver.com,300861,화천군,26,0,320014,320000,128.46741,37.50306
724541-140769,도이향,010-5942-2780,491627@naver.com,216233,안동시,49,1,370400,370000,126.75561,37.86951
896680-279313,한우신,010-6695-4632,496710@naver.com,459765,안동시,32,0,370400,370000,126.5983,36.72517
430771-118281,나수온,010-1207-0996,336280@naver.com,168381,울산북구,78,0,260004,260000,127.64654,35.81926
785730-182376,문유운,010-1682-4999,160347@naver.com,727555,순창군,43,0,350006,350000,126.30237,37.17153
671898-186203,표교화,010-1106-7684,101716@naver.com,81853,안양동안구,54,0,310702,310000,127.76752,36.70748
644923-235773,석하래,010-4509-3424,735329@naver.com,865104,청주서원구,57,0,330104,330000,126.42239,36.84169
895086-105211,한혜기,010-6743-9208,219075@naver.com,437158,고성군,32,0,320001,320000,127.99432,37.98327
462369-266572,방윤름,010-2062-8083,417970@naver.com,443211,문경시,75,0,370800,370000,128.51127,36.91928
929086-224609,방상선,010-3847-7935,759430@naver.com,799814,고성군,29,0,320001,320000,126.80983,37.77928
959052-218052,공승우,010-9252-6574,772639@naver.com,284812,거제시,26,1,381000,380000,128.32531,35.75305
998590-176163,표채송,010-5179-7815,764@naver.com,637500,경산시,22,0,371000,370000,126.03531,37.64329
837567-116571,변세안,010-4076-4761,370700@naver.com,520293,횡성군,38,0,320015,320000,128.00762,37.38731
658886-215612,강선완,010-2107-9688,51804@naver.com,423615,천안시,56,0,340200,340000,126.43852,36.44193
487732-182391,양은신,010-2973-5485,636288@naver.com,141932,진주시,73,0,380500,380000,128.20847,35.69851
446141-275196,나영예,010-5623-6637,768118@naver.com,76756,대구중구,77,1,230006,230000,128.46537,36.90848
584215-171190,탁교한,010-4692-3137,780232@naver.com,15991,목포시,63,1,360300,360000,126.91277,36.09483
622483-200463,신윤유,010-6655-4227,809855@naver.com,796656,연천군,59,1,310011,310000,126.74565,36.48344
576371-282335,노슬예,010-6782-0333,776339@naver.com,567768,세종시,64,1,410000,410000,128.37464,37.23681
742782-247467,최영세,010-9473-0524,650312@naver.com,565546,횡성군,47,1,320015,320000,128.10025,37.89546
647689-165971,김규신,010-7145-3477,592670@naver.com,631898,인천중구,57,1,220004,220000,127.82002,36.2434
716913-289008,구윤민,010-5010-9550,63469@naver.com,388186,화천군,50,1,320014,320000,128.98496,37.22047
775506-189140,장예경,010-3724-4343,693013@naver.com,647915,중구,44,0,110017,110000,126.24912,37.04019
720883-248072,민혜린,010-4692-3703,444502@naver.com,462188,대구수성구,49,1,230005,230000,128.18149,37.83824
895829-191129,서영솔,010-2316-3592,845851@naver.com,602094,울산중구,32,0,260003,260000,126.20926,37.94947
882553-193201,김승옥,010-2158-2168,1580@naver.com,925792,정선군,33,0,320009,320000,127.14474,35.84918
764364-176087,신세빈,010-5191-7289,137224@naver.com,333363,화천군,45,1,320014,320000,127.19778,37.39067
505114-254039,민윤령,010-3088-4753,838680@naver.com,613221,울산북구,71,0,260004,260000,127.1184,35.59487
518599-124508,허지하,010-5473-6638,22454@naver.com,209621,순천시,70,0,360400,360000,128.29044,37.5517
767841-147872,고현하,010-5195-6316,497454@naver.com,730363,안산상록구,45,1,311102,310000,128.948,35.36982
440548-225692,권서율,010-2649-2772,623962@naver.com,503333,창녕군,77,0,380014,380000,127.52013,36.00936
603128-121317,배의리,010-3685-3055,239971@naver.com,895507,부산기장군,61,1,210100,210000,126.22048,36.65839
971439-190630,전이재,010-7672-8019,168731@naver.com,27100,인천남동구,24,0,220006,220000,128.61918,37.60854
469128-143289,구수혜,010-3909-6449,465495@naver.com,283735,울산중구,75,1,260003,260000,126.19442,36.69224
937321-133279,은률원,010-1041-2260,450861@naver.com,177995,구로구,28,0,110005,110000,128.463,35.84176
967350-135083,전채효,010-5806-0373,263465@naver.com,674104,수원영통구,25,0,310604,310000,128.07402,36.38996
926302-269850,추솔정,010-7509-3429,231188@naver.com,834322,서대문구,29,0,110010,110000,128.58313,35.65867
433803-220171,최영비,010-9408-1289,163143@naver.com,67511,광진구,78,1,110023,110000,127.67842,36.89214
672354-257288,류다휘,010-8441-5482,640516@naver.com,37102,천안군,54,0,340013,340000,127.99897,37.67758
514672-167481,정원향,010-4594-5359,401962@naver.com,463843,횡성군,70,1,320015,320000,126.59458,37.98205
725763-146292,하소나,010-8732-4099,510029@naver.com,121939,영천시,49,0,370600,370000,128.85986,36.02935
781921-298945,우한경,010-3076-1649,596406@naver.com,436422,남제주군,43,0,390001,390000,128.72002,35.91417
525776-200726,원연희,010-2215-5156,655824@naver.com,983527,천안군,69,0,340013,340000,126.40407,36.31117
571407-212938,오승율,010-5059-9724,234299@naver.com,767829,익산시,64,0,350300,350000,126.76629,35.77907
881207-111460,김상온,010-8352-8340,161827@naver.com,265241,남양주시,33,1,311500,310000,126.4625,35.58607
985608-164253,조윤승,010-2749-4210,705355@naver.com,118434,창원마산합포구,23,0,380702,380000,127.73825,36.77459
679996-221570,최가채,010-9573-6564,170667@naver.com,139176,부천원미구,54,0,310303,310000,128.51196,36.6709
682243-267918,조조이,010-2901-9421,112052@naver.com,126779,수원팔달구,53,0,310603,310000,128.94524,36.38288
901533-137287,배선이,010-2961-2464,873554@naver.com,504472,부안군,31,0,350005,350000,128.3095,36.61471
504675-124683,노슬빈,010-9144-1347,914480@naver.com,330509,곡성군,71,0,360003,360000,126.92505,36.26028
655631-140598,손진하,010-5743-4673,444378@naver.com,287270,구리시,56,1,311000,310000,128.73495,36.59845
681618-194887,임지미,010-7921-9834,959181@naver.com,528521,신안군,53,0,360012,360000,126.98253,35.90746
452199-238215,탁영지,010-8881-2423,932031@naver.com,81815,김해군,76,1,380004,380000,127.4177,35.32764
940096-186721,한해재,010-7650-0752,556682@naver.com,304809,인천남동구,27,0,220006,220000,127.28669,37.6166
952020-243249,황아하,010-7499-7519,827086@naver.com,215086,부산남구,26,0,210001,210000,126.24778,35.9433
759370-196423,방다송,010-8036-9819,371311@naver.com,353596,대구북구,46,0,230003,230000,127.98026,36.21874
444738-157068,표병호,010-3073-5102,895625@naver.com,690531,울산울주군,77,0,260100,260000,126.85828,36.55756
673754-286392,권유인,010-8578-5609,492570@naver.com,373753,서귀포시,54,0,390100,390000,128.09415,37.44046
817905-267823,이영우,010-1980-8242,438100@naver.com,227802,거제시,40,1,381000,380000,128.11224,36.15897
587822-222756,신세호,010-6610-4444,123104@naver.com,913432,관악구,63,0,110004,110000,127.15308,37.58448
958996-119365,이성현,010-2481-4856,488858@naver.com,547727,해남군,26,0,360021,360000,127.67339,37.2196
654028-134875,고가지,010-6032-5475,964706@naver.com,11558,순천시,56,1,360400,360000,128.622,37.65066
432225-125691,구이아,010-3004-4560,745660@naver.com,170476,대구달서구,78,0,230007,230000,126.54225,37.59187
638049-116286,오양세,010-1787-5306,808072@naver.com,521696,부산사상구,58,1,210015,210000,126.73063,36.6637
797115-290012,도효성,010-7854-4065,531308@naver.com,713240,진도군,42,1,360019,360000,128.40436,36.08222
905594-184773,추비름,010-4386-3401,85447@naver.com,509398,시흥시,31,0,310006,310000,127.37126,35.56674
958272-167466,조의인,010-9807-6863,53961@naver.com,792704,인천남구,26,1,220001,220000,128.62563,36.25235
989945-228260,노해윤,010-2469-3897,805545@naver.com,162417,순천시,23,0,360400,360000,127.44844,37.20395
739712-266761,조슬림,010-7915-6580,488984@naver.com,306683,부천소사구,48,0,310301,310000,127.08918,37.96157
507682-233743,곽근유,010-8994-7032,574388@naver.com,598156,화천군,71,0,320014,320000,128.74542,36.41748
528887-288390,방병정,010-1644-5142,422286@naver.com,915909,대전대덕구,69,0,250002,250000,126.50954,36.84591
841694-128034,석서재,010-3489-7643,180906@naver.com,74826,영암군,37,1,360015,360000,127.25009,36.1848
925618-186157,고시솔,010-2625-1571,715353@naver.com,564271,무주군,29,0,350004,350000,128.57667,35.73386
653815-121562,장연이,010-7829-8196,31314@naver.com,51906,파주시,56,1,312200,310000,126.25171,35.996
935896-158627,주세재,010-8071-0150,755284@naver.com,755125,의령군,28,1,380011,380000,128.5236,35.12764
562217-236953,도근윤,010-5085-2192,806775@naver.com,582209,은평구,65,0,110015,110000,127.79965,35.58859
688946-292475,남한림,010-5496-7129,357082@naver.com,210315,무주군,53,0,350004,350000,127.73585,36.41911
480191-227628,구아미,010-5417-9724,888574@naver.com,982974,부산수영구,73,1,210014,210000,126.51294,35.1023
989879-203196,곽동란,010-7177-0029,722333@naver.com,321176,곡성군,23,0,360003,360000,127.96984,37.92493
798971-290663,곽근리,010-7388-1298,815023@naver.com,128603,관악구,42,1,110004,110000,128.1799,35.04944
458852-120859,염승신,010-8296-1882,451305@naver.com,945218,군산시,76,1,350100,350000,127.95666,36.46719
930181-185654,나교한,010-4587-9882,620212@naver.com,872546,안양동안구,28,0,310702,310000,128.02753,36.83989
762381-123441,정한임,010-5678-0912,137617@naver.com,125077,하남시,45,0,311300,310000,126.80382,36.53581
628843-270801,고규이,010-3377-0009,353278@naver.com,563322,순천시,59,1,360400,360000,127.71197,36.9448
870196-126975,양률율,010-9021-1668,808227@naver.com,798810,천안동남구,34,1,340202,340000,128.40899,36.73999
958511-235069,오의진,010-6321-2047,943890@naver.com,40563,군산시,26,0,350100,350000,126.22106,37.32976
922883-139477,곽순유,010-1398-4320,821520@naver.com,92676,종로구,29,0,110016,110000,126.855,36.37403
686957-166200,엄선름,010-9972-7878,786197@naver.com,794526,수원팔달구,53,1,310603,310000,127.7688,37.04324
610520-257442,편근소,010-7199-9082,682147@naver.com,117892,#REF!,60,1,#REF!,#REF!,126.02325,37.89603
642333-194241,나현하,010-9819-1339,819789@naver.com,332718,담양군,57,0,360008,360000,127.11914,36.26425
718847-187017,차시언,010-3456-0333,590349@naver.com,64857,경주시,50,0,370100,370000,127.48485,35.92665
867600-295921,하경승,010-7593-5845,216389@naver.com,130988,고양일산서구,35,0,311902,310000,127.07048,35.74767
411387-208954,원도한,010-7788-6092,721356@naver.com,475535,울산중구,80,0,260003,260000,127.38642,36.06262
646560-226179,추하재,010-3632-2239,825884@naver.com,300767,봉화군,57,1,370007,370000,127.66475,36.72766
741262-263511,변병완,010-9065-5103,429200@naver.com,67417,부산기장군,47,0,210100,210000,126.90797,35.78212
575435-261752,도병온,010-2728-4009,591665@naver.com,921706,영광군,64,1,360014,360000,128.52689,37.84872
586611-129698,은태재,010-2893-9773,474497@naver.com,152102,창원군,63,0,380012,380000,126.70276,37.37177
716433-216382,변민호,010-7092-6228,753481@naver.com,706352,여주군,50,0,310010,310000,126.24011,36.09556
844806-143994,나근현,010-4843-1462,155533@naver.com,448109,대구달서구,37,1,230007,230000,126.87011,36.86018
855623-287094,황하미,010-1113-9480,341568@naver.com,526054,김제시,36,0,350600,350000,128.16147,37.08472
491209-141159,황채온,010-1199-5979,837158@naver.com,433397,예천군,72,0,370017,370000,128.13162,36.65844
836697-180156,홍예임,010-6698-9044,608814@naver.com,892,고성군,38,1,380003,380000,126.18902,36.07364
986754-215608,유규채,010-9740-2296,843483@naver.com,965752,수원시,23,1,310600,310000,128.55994,35.61687
537643-287211,박근욱,010-5195-3158,227629@naver.com,993658,전주덕진구,68,1,350402,350000,128.80788,37.50803
630292-233661,염다린,010-1861-4508,693681@naver.com,13557,순창군,58,1,350006,350000,127.1909,37.70313
620956-251671,공원지,010-9040-2929,196505@naver.com,303418,양주군,59,1,310008,310000,128.73058,35.38528
677259-257747,문여세,010-7349-1948,667005@naver.com,638458,부산진구,54,1,210004,210000,128.28723,36.98466
672383-223296,염경준,010-7346-3274,550719@naver.com,806883,포항시,54,1,370700,370000,127.64413,37.73598
858724-279850,유가예,010-8670-2339,557247@naver.com,386687,금산군,36,0,340002,340000,128.57624,37.66726
772737-151291,곽수린,010-1695-5504,333740@naver.com,339856,동작구,44,0,110008,110000,126.18477,35.84058
819979-114108,나윤예,010-9993-0702,725988@naver.com,222679,연기군,40,0,340011,340000,126.80279,35.32331
685218-190911,배초욱,010-3359-9119,228692@naver.com,941900,화천군,53,0,320014,320000,128.58681,37.49998
704941-288971,배한림,010-3862-4146,684132@naver.com,896504,증평군,51,0,330011,330000,127.96751,36.7489
776134-270442,하주수,010-6277-7946,92375@naver.com,767595,양천구,44,1,110020,110000,126.98674,37.31408
576277-237485,서서신,010-6336-8263,932360@naver.com,547602,청주청원구,64,1,330103,330000,128.77208,37.65057
748080-134323,한효경,010-1515-3076,536838@naver.com,535039,성북구,47,1,110012,110000,126.29961,36.29848
836657-131755,표시나,010-7908-2384,95041@naver.com,982454,영월군,38,1,320006,320000,127.10872,37.06248
692618-214550,노채완,010-2766-2182,82357@naver.com,510882,여수시,52,1,360500,360000,128.48363,37.36493
961294-184167,문양서,010-1632-3176,697651@naver.com,940797,안동시,25,0,370400,370000,128.94809,36.45227
890436-109451,여률휘,010-4696-1504,918907@naver.com,163940,울릉군,32,1,370018,370000,127.9868,35.18328
782890-146578,편세은,010-1977-8017,943949@naver.com,94906,부산영도구,43,1,210007,210000,126.83439,36.02504
455468-268889,손희비,010-3990-8006,374350@naver.com,916897,군산시,76,1,350100,350000,126.47511,36.8271
824191-224792,최혜선,010-2056-2537,768236@naver.com,655751,부산강서구,39,1,210012,210000,128.17578,36.9464
931551-188286,차고련,010-6838-5359,852703@naver.com,889489,부산강서구,28,1,210012,210000,128.72428,37.32272
974295-270425,안세진,010-1240-6791,944727@naver.com,745877,옹진군,24,0,310012,310000,126.35047,36.62914
809900-155459,김교기,010-6677-0341,336882@naver.com,223894,부산연제구,41,1,210013,210000,126.19699,36.35911
720183-263729,전지현,010-5557-1781,752217@naver.com,768958,보성군,49,1,360010,360000,126.98492,35.9004
952657-172731,진소당,010-8133-8691,202003@naver.com,839865,천안군,26,1,340013,340000,126.51528,35.07774
610606-236678,여가리,010-7384-9206,294184@naver.com,483773,제천시,60,1,330300,330000,127.71408,36.55515
921185-172465,양근당,010-4130-3347,574216@naver.com,987947,송파구,29,0,110018,110000,127.03963,37.30899
696834-176724,하효예,010-8329-0213,624652@naver.com,946689,하동군,52,0,380016,380000,127.98558,37.36621
898979-132825,문한성,010-2596-9190,416686@naver.com,318478,청주상당구,32,1,330101,330000,127.34645,37.8835
854729-191285,김조정,010-3874-3626,283045@naver.com,893129,계룡시,36,0,340800,340000,126.73298,35.55453
656569-211158,최한성,010-8674-4711,140944@naver.com,109684,울산북구,56,0,260004,260000,126.28564,35.29166
763370-281973,민현화,010-3334-0606,966493@naver.com,646258,양평군,45,1,310009,310000,127.68134,35.53218
715172-194152,신영현,010-9931-3246,358520@naver.com,344966,성남수정구,50,0,310401,310000,128.92881,36.62795
816529-117211,류우영,010-6111-5152,936702@naver.com,342749,고성군,40,0,380003,380000,128.44915,35.7276
569664-284593,나나재,010-8461-0333,613609@naver.com,35572,계룡시,65,1,340800,340000,126.69814,36.16623
570000-128460,편지빈,010-6293-8020,636989@naver.com,43136,고령군,64,1,370002,370000,127.78688,36.67446
720063-283823,구재화,010-1526-5376,219575@naver.com,165611,서천군,49,0,340009,340000,128.83965,36.8051
836865-224020,고슬정,010-5334-7836,10125@naver.com,227324,세종시,38,0,410000,410000,127.15413,37.26432
432456-245105,편도민,010-6680-3483,691313@naver.com,268075,창원군,78,0,380012,380000,127.3228,35.79827
870299-281834,송효지,010-5366-9884,936060@naver.com,932475,익산시,34,1,350300,350000,126.51964,35.2291
841647-245727,송률준,010-3669-2352,601564@naver.com,376955,인천연수구,37,1,220007,220000,126.2139,36.17795
557152-114979,권성늘,010-7889-5592,259496@naver.com,945347,울산중구,66,0,260003,260000,127.75888,36.30802
856976-231011,신의임,010-8429-5888,735240@naver.com,988961,연기군,36,1,340011,340000,127.29589,35.75543
465693-104279,구현련,010-9911-8934,398365@naver.com,510794,양주군,75,1,310008,310000,128.54826,37.04242
889635-239558,염원윤,010-3441-9575,540130@naver.com,102156,해남군,33,1,360021,360000,126.00336,36.48388
791537-110999,여송수,010-5169-9262,88943@naver.com,646065,순창군,42,1,350006,350000,126.24193,36.16498
502850-108998,윤태안,010-8765-9521,283446@naver.com,575480,김제시,71,0,350600,350000,126.67977,37.40906
523557-266403,류성희,010-4831-9584,379800@naver.com,58720,홍천군,69,1,320013,320000,128.20685,36.86654
975645-131906,은기지,010-3642-1532,911736@naver.com,172713,광주광산구,24,1,240004,240000,128.72256,35.30399
957772-205335,백순향,010-3909-4756,930102@naver.com,903145,대구북구,26,1,230003,230000,128.565,35.08673
866016-236967,손희완,010-6357-0281,75732@naver.com,25752,용인수지구,35,0,312002,310000,127.89701,37.50379
784566-143940,도준예,010-5833-9883,817714@naver.com,774094,안양동안구,43,0,310702,310000,128.55816,35.4278
983351-244589,최주옥,010-6780-7168,872027@naver.com,873617,인천중구,23,0,220004,220000,127.54715,35.51679
543525-252833,나한효,010-2113-5163,683422@naver.com,711209,울산남구,67,1,260001,260000,126.88102,36.94112
986997-130610,진조신,010-4973-3176,860268@naver.com,770049,천안동남구,23,1,340202,340000,126.97083,36.17632
865922-172477,지다솔,010-9176-2170,978992@naver.com,374072,고창군,35,0,350001,350000,128.9501,36.36776
851025-204839,엄혜지,010-5658-7439,685101@naver.com,158033,성북구,36,1,110012,110000,127.78244,36.96477
766574-183761,신슬빈,010-4337-7019,316331@naver.com,837400,강남구,45,0,110001,110000,127.58112,36.45366
860982-252721,오승휘,010-2546-8528,924662@naver.com,231848,울산동구,35,0,260002,260000,127.20554,36.15248
659887-201010,표희주,010-2132-1569,892365@naver.com,791407,용인기흥구,56,1,312001,310000,128.02819,36.98534
564864-297942,이조휘,010-6704-7627,450264@naver.com,708287,홍성군,65,0,340015,340000,126.04549,37.51758
651705-242698,김규휘,010-3695-7339,771492@naver.com,19473,순천시,56,0,360400,360000,127.44775,36.76756
806276-185994,송교란,010-3191-0389,438360@naver.com,108583,제천군,41,1,330007,330000,128.4666,36.86798
793830-288230,백한주,010-7823-9039,941121@naver.com,45053,고흥군,42,0,360002,360000,128.58016,35.88967
892945-110251,서하소,010-2805-4765,743868@naver.com,311626,금산군,32,0,340002,340000,128.42883,35.21305
971652-224081,윤양하,010-7583-9868,14143@naver.com,943536,거제시,24,0,381000,380000,127.77919,37.58067
985414-175117,유은래,010-8658-3864,434907@naver.com,812311,음성군,23,1,330006,330000,128.39089,36.6327
648679-234489,공진우,010-8442-8479,718412@naver.com,945297,대구동구,57,1,230002,230000,127.05369,37.47187
478502-149912,구상예,010-9260-6638,508640@naver.com,373297,영양군,74,0,370013,370000,126.92594,37.29838
936893-276576,손시예,010-5641-7889,169114@naver.com,799478,사천군,28,0,380007,380000,128.27253,37.50623
825999-160756,박여세,010-3765-4524,400300@naver.com,315022,제주시,39,0,390200,390000,126.16005,35.49869
499292-208410,홍영호,010-7722-9320,852370@naver.com,682327,공주시,72,0,340300,340000,126.3686,35.1926
708874-130343,배휘민,010-5451-6584,685856@naver.com,592437,상주시,51,1,370900,370000,127.19718,37.36951
539244-272554,장하솔,010-9467-6390,846671@naver.com,519370,고양일산동구,68,1,311903,310000,127.81338,37.52723
629076-273062,진률교,010-5956-8876,290789@naver.com,624584,계룡시,59,1,340800,340000,128.67972,35.27366
486773-161593,노우지,010-8281-2247,978414@naver.com,777055,단양군,73,0,330002,330000,127.8321,36.81475
767232-144341,장세화,010-3336-2026,895314@naver.com,68882,성주군,45,1,370010,370000,127.51975,35.68109
858034-194499,박성예,010-5108-7733,111250@naver.com,341523,영양군,36,0,370013,370000,127.83366,35.68951
675642-288000,도송나,010-7464-6687,728975@naver.com,543551,부산동구,54,1,210002,210000,126.54616,37.33397
438159-281439,여지주,010-6930-3197,491942@naver.com,951436,화천군,78,0,320014,320000,127.19533,36.03177
765360-297527,박우임,010-4338-1785,48426@naver.com,180477,인천연수구,45,0,220007,220000,127.53238,37.99042
674992-278959,손정우,010-9136-8150,650502@naver.com,926652,함평군,54,1,360020,360000,128.74401,35.43676
602313-173044,박이이,010-9574-3780,810226@naver.com,944245,동해시,61,1,320200,320000,128.69356,36.38216
876927-132176,강원은,010-9220-7529,412913@naver.com,42316,고성군,34,1,380003,380000,128.28892,37.37721
541512-172551,송의래,010-5117-1315,8477@naver.com,560748,대구동구,67,0,230002,230000,128.07642,36.19815
777935-267725,고혜호,010-3789-4653,471348@naver.com,361382,창녕군,44,1,380014,380000,127.2506,35.09926
434209-205180,추한효,010-8801-6566,375897@naver.com,934294,함양군,78,0,380018,380000,127.30591,35.78466
467601-210793,황지우,010-9574-3335,813570@naver.com,683869,영광군,75,1,360014,360000,127.82711,36.10262
616130-276783,방준아,010-4496-2502,545578@naver.com,388682,산청군,60,0,380008,380000,128.68099,36.38295
477897-120377,오여령,010-9633-4186,520436@naver.com,815625,양산시,74,0,381100,380000,126.32343,35.99029
983709-140470,배연서,010-4283-2168,857869@naver.com,529304,군위군,23,1,370003,370000,126.27817,36.22271
482959-221780,한소호,010-5721-6439,319035@naver.com,598057,여주시,73,0,312900,310000,128.1656,35.76901
800849-264919,강솔은,010-5290-4154,880368@naver.com,445316,태안군,41,0,340016,340000,128.07568,37.75117
927727-116093,황우옥,010-8821-5327,984725@naver.com,591926,천안서북구,29,1,340201,340000,126.40042,35.35833
719741-273822,황주향,010-1496-3867,295120@naver.com,197717,충주시,50,1,330200,330000,127.64978,35.6578
028131-144132,양명준,010-8721-7895,69850@naver.com,868233,영양군,18,0,370013,370000,128.5593,36.85782
029997-139139,원동휘,010-6485-0356,750591@naver.com,451330,안양만안구,18,1,310701,310000,128.35714,35.61167
039301-241822,김준유,010-1335-8685,75669@naver.com,234404,문경시,17,0,370800,370000,128.832,36.00539
012461-161997,안세솔,010-9915-5224,165364@naver.com,107953,천안군,19,1,340013,340000,127.20667,36.00573
060853-239650,공채비,010-7135-3097,931417@naver.com,59033,서초구,14,1,110021,110000,126.16856,35.88522
041695-159989,백보정,010-5174-9705,91084@naver.com,587929,양구군,16,0,320004,320000,127.36136,36.13122
016561-222419,최아련,010-6595-7851,235592@naver.com,447275,진주시,19,0,380500,380000,128.37128,36.4346
011454-269822,조규경,010-5495-7349,914645@naver.com,121980,창원성산구,19,0,380705,380000,128.11294,37.17769
010461-227410,은아성,010-8966-6661,806926@naver.com,137253,고흥군,19,0,360002,360000,127.47014,35.37425
060587-170476,배원미,010-6044-0289,231372@naver.com,267150,마포구,14,1,110009,110000,128.57181,36.95988
007756-132169,하하준,010-4242-2016,897583@naver.com,331103,부산서구,20,0,210006,210000,126.10796,36.57444
035925-157198,손현소,010-6461-5104,367801@naver.com,980298,완주군,17,0,350008,350000,126.18819,36.08822
041905-160463,정해래,010-1060-6101,880838@naver.com,526208,청원군,16,1,330010,330000,128.22691,35.30781
074534-107547,전보희,010-9463-6905,278411@naver.com,911442,송탄시,13,0,310500,310000,126.28226,35.6259
039552-250309,공교한,010-9742-9278,910629@naver.com,80446,제천시,17,1,330300,330000,126.47903,37.51197
017672-268671,공여윤,010-1427-4517,334469@naver.com,731713,아산시,19,1,340500,340000,127.23152,35.1393
022333-269062,방예래,010-1287-4920,796341@naver.com,818837,제천군,18,0,330007,330000,126.25424,35.44146
014507-131469,진시언,010-2665-5626,18076@naver.com,820788,진주시,19,1,380500,380000,128.11154,36.65185
051289-104835,남이교,010-7338-8469,528009@naver.com,353584,속초시,15,1,320300,320000,127.51804,37.80361
057272-223938,주명욱,010-8345-3430,187711@naver.com,853262,울진군,15,0,370019,370000,128.50002,37.17193
068552-122165,최혜지,010-9771-3389,620512@naver.com,740464,청원군,14,0,330010,330000,127.39177,37.30042
070726-228755,윤명선,010-2728-7366,91752@naver.com,609881,의왕시,13,1,311600,310000,128.83563,37.0098
068218-197903,이태혜,010-1139-5164,509422@naver.com,579696,안동시,14,0,370400,370000,128.31851,37.66751
062796-146832,은영유,010-6531-2885,106052@naver.com,376062,구리시,14,1,311000,310000,128.41841,36.44322
027493-252658,이서기,010-9792-4860,579481@naver.com,259233,김천시,18,1,370300,370000,127.40977,36.27813
069324-181546,엄솔아,010-2917-3615,694445@naver.com,893304,부산영도구,14,0,210007,210000,127.7424,35.24544
050705-173918,석송옥,010-4350-8105,194796@naver.com,204077,창원의창구,15,0,380704,380000,126.5497,35.23795
053628-157081,지규지,010-9244-3195,318557@naver.com,522778,김해군,15,0,380004,380000,127.97417,36.52733
044874-219316,전조지,010-2387-8219,519050@naver.com,85324,태백시,16,1,320600,320000,127.82535,37.89253
023889-295638,홍상미,010-4837-6896,974737@naver.com,647329,영월군,18,0,320006,320000,126.11329,35.19962
025647-246933,석근채,010-5106-5384,590062@naver.com,31522,순천시,18,1,360400,360000,127.23733,35.63891
017162-294548,표휘송,010-1353-0580,651514@naver.com,785046,동대문구,19,0,110007,110000,126.1974,36.78311
040595-292493,진민화,010-2437-0484,639733@naver.com,843867,울산울주군,16,0,260100,260000,126.45501,36.27944
052806-188501,이경영,010-3258-0178,440578@naver.com,82164,진주시,15,0,380500,380000,128.97863,37.51523
066852-107177,전교채,010-1858-9107,934751@naver.com,458986,광양시,14,0,360700,360000,127.75632,36.90801
064457-266667,황초온,010-1010-1329,554291@naver.com,13810,당진군,14,0,340004,340000,126.80714,36.31201
074332-120180,엄슬온,010-9296-1644,169494@naver.com,331833,영동군,13,0,330004,330000,127.46811,36.87179
008443-130869,장지비,010-5853-8239,649873@naver.com,124936,안동시,20,0,370400,370000,127.93992,36.99147
009602-202689,하솔민,010-3167-5730,127671@naver.com,261044,안산단원구,20,1,311101,310000,127.11477,35.34662
030001-110424,문윤지,010-4079-6933,287243@naver.com,514859,화성시,17,0,312500,310000,128.21196,36.84996
022504-108814,류선인,010-1092-8509,579124@naver.com,955093,부산서구,18,0,210006,210000,126.87793,36.82942
063163-105957,탁채래,010-8816-0037,871860@naver.com,420236,부천시,14,1,310300,310000,126.67873,35.02976
053519-261765,손성름,010-7039-4098,193547@naver.com,95951,포항남구,15,1,370701,370000,126.94783,35.93104
049808-130857,오김진,010-4565-9633,965692@naver.com,871758,안산단원구,16,1,311101,310000,126.67046,35.97681
067398-141633,정해당,010-9556-9872,894324@naver.com,175338,송파구,14,1,110018,110000,127.53229,37.30656
045492-286778,유명임,010-7502-4026,599921@naver.com,550040,대구동구,16,0,230002,230000,126.3652,35.96308
049076-114771,장연율,010-8788-2783,366795@naver.com,637954,영암군,16,0,360015,360000,126.70442,37.65502
015289-187180,이슬아,010-5782-1797,1612@naver.com,26971,성남분당구,19,0,310403,310000,126.19846,37.70923
045060-268323,강주운,010-5461-1132,701650@naver.com,90915,인천남구,16,1,220001,220000,127.27383,35.51606
029723-157875,엄슬미,010-1811-5633,682173@naver.com,400145,부산강서구,18,0,210012,210000,126.49636,35.74872
041648-215116,홍나세,010-2890-6987,418039@naver.com,124854,영일군,16,1,370014,370000,126.29449,35.21594
050961-138926,허고완,010-3167-8707,184974@naver.com,409714,고성군,15,1,320001,320000,127.68243,37.46508
002439-212546,양양세,010-6664-2134,907020@naver.com,331398,오산시,20,1,311800,310000,128.7392,35.49303
001754-210460,강태린,010-7792-9391,556709@naver.com,172164,예산군,20,1,340012,340000,127.21632,37.03458
020390-157398,곽예린,010-5066-6845,59062@naver.com,114970,경주시,18,0,370100,370000,127.03031,36.92174
032998-239773,차혜운,010-3670-2422,971254@naver.com,326812,안산단원구,17,1,311101,310000,127.53243,37.25842
027656-295152,구예빈,010-4687-7941,356542@naver.com,828612,울산북구,18,1,260004,260000,126.5677,35.68703
068483-290703,윤근아,010-8877-4554,113456@naver.com,31172,창녕군,14,1,380014,380000,128.15859,35.89304
039220-234790,문김유,010-6392-8923,434663@naver.com,812338,강동구,17,1,110002,110000,126.28731,37.80199
009875-283176,박동련,010-4455-8694,910286@naver.com,500945,용인기흥구,20,1,312001,310000,128.85128,36.77643
066729-161567,탁순향,010-6879-4625,279863@naver.com,168744,성동구,14,1,110011,110000,126.35242,35.98734
057113-112546,차률늘,010-2510-6741,342128@naver.com,629288,고양일산동구,15,0,311903,310000,126.87918,35.51777
015460-134970,류병비,010-8195-9728,264674@naver.com,314704,부산금정구,19,0,210011,210000,127.39795,36.55419
014814-257313,표우름,010-5571-7582,124461@naver.com,515494,동해시,19,0,320200,320000,128.36347,37.54422
051019-278741,신해비,010-1961-2300,58723@naver.com,967494,부산사하구,15,1,210010,210000,126.21258,35.27906
022827-245422,류소승,010-1037-4456,53494@naver.com,588752,수원영통구,18,1,310604,310000,128.64325,36.00891
055246-283218,변태율,010-8978-9457,873682@naver.com,503238,가평군,15,1,310001,310000,128.11323,35.4156
074569-236074,남명임,010-6285-3762,17685@naver.com,698811,부산북구,13,1,210005,210000,128.05375,35.66054
037100-279607,차비세,010-1112-3745,944057@naver.com,431973,청원군,17,0,330010,330000,126.18425,37.463
047226-265854,전이주,010-2518-2087,661744@naver.com,337974,광주서구,16,0,240003,240000,126.90331,37.21826
061558-289074,류미안,010-1416-4410,514968@naver.com,623987,#REF!,14,0,#REF!,#REF!,127.07035,36.58595
014023-151459,구초기,010-3495-3739,802994@naver.com,421252,수원팔달구,19,0,310603,310000,127.79024,36.82393
028228-244115,문미림,010-9521-2498,9412@naver.com,954428,장흥군,18,1,360018,360000,126.45642,37.83
056210-244340,추진채,010-9139-0254,27408@naver.com,81634,칠곡군,15,0,370024,370000,126.01463,37.51551
069520-141775,황민원,010-8612-6717,193152@naver.com,259343,포항북구,14,1,370702,370000,127.01577,37.60946
057948-125789,전유기,010-6613-2662,732553@naver.com,583627,영양군,15,1,370013,370000,126.78989,37.76975
013007-196146,추비채,010-1236-0650,447626@naver.com,803600,제주시,19,1,390200,390000,128.13416,37.41775
069749-281979,조혜연,010-9094-9077,940224@naver.com,498224,제천시,14,0,330300,330000,128.33449,36.79341
054499-124063,류수아,010-3127-3192,66828@naver.com,194149,평창군,15,1,320012,320000,128.8567,37.46463
006899-240964,박김은,010-3649-8429,427009@naver.com,645453,울진군,20,0,370019,370000,127.94264,37.35941
044986-248117,민세신,010-8245-5427,466807@naver.com,728379,창원진해구,16,1,380703,380000,127.60229,35.66865
074347-159132,서이채,010-3387-8967,22814@naver.com,811653,인천옹진군,13,1,220200,220000,126.84564,37.74885
030919-225961,은선소,010-9388-2817,163251@naver.com,63915,인천강화군,17,1,220100,220000,128.81444,35.38542
050092-284972,문지이,010-7320-4601,641134@naver.com,935986,성남중원구,15,0,310402,310000,126.11713,36.25979
000699-149686,양한소,010-6447-9011,210645@naver.com,149041,보령시,20,0,340400,340000,126.66295,37.8244
057656-299681,방혜늘,010-5728-7169,958428@naver.com,574139,신안군,15,1,360012,360000,126.78335,35.34606
